{
	"class_name" : "PinholeCameraParameters",
	"extrinsic" : 
	[
		0.68747994704766446,
		0.72612296176218127,
		-0.010805869194950184,
		0.0,
		-0.72617412002123216,
		0.6875096865046475,
		-0.0012563334233216955,
		0.0,
		0.0065168871963272564,
		0.0087106465890468988,
		0.99994082565783426,
		0.0,
		-1.1121656642204143,
		-1.4905903561921843,
		37.403217129823076,
		1.0
	],
	"intrinsic" : 
	{
		"height" : 1016,
		"intrinsic_matrix" : 
		[
			879.88181024498977,
			0.0,
			0.0,
			0.0,
			879.88181024498977,
			0.0,
			959.5,
			507.5,
			1.0
		],
		"width" : 1920
	},
	"version_major" : 1,
	"version_minor" : 0
}